title,url,company,location,since
Senior Software Engineer,https://www.shelterluv.com/careers/senior-software-engineer/,Shelterluv,Remote/USA,7h
Solution architect / Back end developer,https://career.profoto.com/jobs/2599798-solution-architect-back-end-developer,Profoto,Netherland / Sweden,8h
Fullstack Developer - TALL Stack,https://www.cedoon.com/jobs,Cedoon,Remote / Vienna,1d
Laravel Backend Lead,https://forms.gle/n5g8VFU3eGrBQ2WN9,Urbium,Remote | México & LATAM,2d
Mid & Senior Laravel Developer (Full Stack),https://4thdimension.bamboohr.com/careers,4th Dimension Innovation,"London, UK (Hybrid)",3d
Senior Programmer **Immediate Opening** (send resume to [email protected]),http://sbgcorp.com/,SBG Corp.,Remote,3w
Senior Backend Developer,https://docs.google.com/forms/d/e/1FAIpQLSdiyAQeACMI3_YvoX1W4rhzEVqJU7NN1psXKt9w_jrfmSWLXg/viewform?usp=sf_link,Few,Remote / USA,1w
Lead Full Stack Software Engineer,https://www.linkedin.com/jobs/view/3712189642/?capColoOverride=true,3Z Brands,Remote / USA (excluding California),1w
Full Stack Laravel Developer,https://mindsassembly.applytojob.com/apply/iNX2x4DDDm/Full-Stack-Laravel-Developer,Minds + Assembly,Remote GMT-4,1w
Full-stack developer,https://www.fusionspim.com/jobs,Fusions PIM,"Remote, but MUST be UK-based",1w
Full Stack Laravel Developer,https://docs.google.com/forms/d/e/1FAIpQLSdsCaG8819WtovpzfTw5VbEV_iqDhPLJHmG808qRxetRAapkA/viewform?usp=sf_link,Dexcomm,"Remote / Lafayette, Louisiana",1w
Senior Full Stack Engineer,https://applerouthtutoring.applytojob.com/apply/of0Vt3n0Ze/Senior-Full-Stack-Engineer?source=laravel,Applerouth Education,Remote,1w
Full-Stack Engineer: Laravel + Vue (Series A Startup),https://wunderite.com/careers/senior-fullstack-engineer/?source=LarajobsSept2023,"Wunderite, Inc.","Remote, USA Only",2w
Full-Stack Web Developer,https://ca.indeed.com/job/full-stack-developer-47704c97273096b8,Innovel Software,"Ontario, Canada",3w
Backend / Fullstack Developer - PHP & Laravel,https://jobs.kettner-edelmetalle.de/o/php-laravel-developer-2,Kettner Edelmetalle,Remote / Deutschland - Villingen Schwenningen,3w
PHP/Laravel Developer,https://www.linkedin.com/jobs/view/3700057752,"Oscillas Technologies, Inc.","Remote, USA Only",3w
Senior Product Engineer,https://docs.google.com/forms/d/e/1FAIpQLScXYzNYZoW9VYrejUAZ52NCQSBnb0czwJzxAKuERYHTRpFyNw/viewform,Quote Velocity,Remote/ USA / UK,3w
Backend Engineer,https://docs.google.com/forms/d/1MAvfCHFuMOaqyc-ZsinqHS7MAtRK4wYj9dpc6_SYJlg/viewform?edit_requested=true#responses,Knot,Remote,4w
Senior Developer - Laravel/PHP - AI Startup for WordPress,https://apply.workable.com/wpai-inc/j/29B7397FD7/,CodeWP (WPAI Inc),Remote / USA,1mo
Full Stack Laravel Developer,https://www.linkedin.com/jobs/view/3610160926,Finotive Group,Budapest Hungary,1mo
Senior Developer Laravel/Filament,https://www.indeed.com/job/technical-leaddeveloper-laravelreact-eabd8c0f275094a1,CONFIDENTIAL ConstructionTech,"Remote / Miami, FL",1mo
Senior Laravel Developer,https://ch.indeed.com/job/senior-laravel-developer-0557feb23f924efe,World Trade Organization,"Remote / Geneva, Switzerland",1mo
Vue/Nuxt Frontend - Full Remote,https://patchstack.bamboohr.com/careers/29,Patchstack,Remote (Europe),1mo
PHP/Laravel Developer - Full Remote,https://patchstack.bamboohr.com/careers/25,Patchstack,Remote (Europe),1mo
Mid-Senior Laravel Developer,https://docs.google.com/forms/d/e/1FAIpQLSeUJiuOx8KX5trZCBUm_TyoaV2IsC6iRwhgQBO5OTlycRBmTQ/viewform,Independent Co,Remote Canada/US,1mo
Senior Product Engineer -  Laravel - FULLTIME - Mongo Db-Elasticsearch,https://wehaa.com/job,Wehaa.com,Remote GMT-Central Time,1mo
Skilled Laravel Developer,https://www.qbixx.nl/vacatures/laravel-developer-en/,Qbixx | Webdevelopment,Remote / EU Only,1mo
Senior Full-Stack Developer,https://awesomic.crew.work/jobs/63f5fe260a80a1ab826d6fb4?utm_source=larajobs,Awesomic,"Poland, Brazil (Remote only)",1mo
FULL STACK DEVELOPER,https://www.indeed.com/job/full-stack-developer-af75c02fbcb9e0fa,Accurate Biometrics,"Itasca, IL/Remote",1mo
Experienced Laravel Developer,https://jobs.polymer.co/cloudmazing-b-v/28068,Cloudmazing B.V.,Goor / Netherlands,1mo
Full-Stack Web Developer,https://apply.workable.com/blockovate/j/3E36DC7AA9/,Blockovate,London (Hybird),1mo
Laravel and VueJS Developer,https://www.bythepixel.com/laravel-vuejs-developer.html,By the Pixel,Remote / World,1mo
"Laravel PHP Developer - PaaS InsurTech Software (Up to € 73,236.00 Gross 2 Annual+Bonus+Benefits)",https://careers.buckhill.co.uk/departments/backend#open_positions,Buckhill Software,Remote (CET +/- 3 hours),1mo
Senior Product Engineer,https://docs.google.com/forms/d/e/1FAIpQLScXYzNYZoW9VYrejUAZ52NCQSBnb0czwJzxAKuERYHTRpFyNw/viewform,Quote Velocity,Remote / USA / UK,2mos
Senior Laravel Backend Engineer,https://procuros.jobs.personio.de/job/472623?_pc=1337923&display=en,Procuros,Remote GMT+2 (+/- 2h),2mos
Full-stack Laravel Developer,https://www.roomies.com/jobs,Roomies,Australia / New Zealand,2mos
"Laravel, Livewire developer for CMS",https://www.cmsmax.com/careers/full-stack-developer,CMS Max,Remote,2mos
Senior Fullstack Laravel Developer,https://staylist.com/available-positions/,Staylist,"Knoxville, TN or Remote -- USA Only",2mos
